{"mean": [83.44603693409803, 1030.9479397327705, 0.20971440543365485, 0.23616144413922907, 332.8131406365544, 2032.9210499337123, 0.022786716116374624, 0.02277128811081625, 40.30068344906611, 0.0015621834950572564, 173.91002476614162, 0.00449988707867852, 0.013595530800746037, 564.6583129841879, 0.003090880894071365, 253.2459849781305, 0.0015236373353423689, 0.09902638491091686, 0.009129766835511628, 0.007596882666806352, 0.08391252580379742, 175.2144954949631, 0.02295732706110067, 614.9160543990106, 0.0015394412816521204, 0.0136574826292926, 0.06851470559372097, 253.78991665242904, 0.0868233562923035, 978.8110080449892, 0.39889415420695623], "scale": [356.0507542773523, 5144.241140502041, 3.103445520502359, 3.1468891302632214, 1376.2087616037843, 8393.736904583864, 0.14964315011129714, 0.1493209057494678, 268.4271073616315, 0.03902484333747987, 1164.9515265551493, 0.06749519668883654, 0.11640207208572337, 2580.3003339317543, 0.05511573245411254, 1320.8690130809136, 0.03901743381026846, 2.5343753182320348, 0.1987571694944168, 0.19510864399684197, 0.5823350016756798, 1165.2392145556864, 0.14965809280605055, 2541.595242927951, 0.03899695797025234, 0.24951984106921038, 0.5714987324186769, 1321.8125774525838, 0.6144428920757108, 5263.975320918948, 0.19699799027941595]}
