{"mean": [77.75547761474263, 988.7558433780265, 0.20612483686458136, 0.22145253177391558, 305.4419853571316, 1877.6929463865122, 0.02284817927171931, 0.023005313178545168, 39.70739392221333, 0.0014919012347928422, 163.6179471761521, 0.00450949825840328, 0.010695021108938345, 539.5291995719658, 0.0029747924832082464, 235.8599417700881, 0.0015083534915794183, 0.0978957683335037, 0.009305775309001616, 0.007725294838102515, 0.06501779350063812, 162.7713479487372, 0.022765394805221374, 595.2290383198853, 0.001538817761080114, 0.013759727417264571, 0.053364771691003225, 234.48526313726015, 0.06996399580325227, 891.3502975168342, 0.4004179441718975], "scale": [332.5275575387454, 5141.038810690418, 3.098345121971891, 3.122976085934546, 1135.1433308668607, 7674.465357203858, 0.14952597957037378, 0.14943892076746093, 273.7662989245209, 0.03900405562135965, 1098.2177212926306, 0.06750183470314045, 0.10264271765560253, 2553.1830193446394, 0.05517134410553321, 1236.3568223656353, 0.03900228233987009, 2.5399344598199085, 0.1992026743062484, 0.1950732098014275, 0.43159543734534994, 1096.9797812191453, 0.14959292008625444, 2534.1516331374332, 0.03905105284787044, 0.24937057816000618, 0.41858855567827, 1237.2518080001091, 0.4761938231736835, 4778.762083780508, 0.1962528430197086]}